{"decimate": 25, "fractionalBw": 0.4, "lpfCoeffs": [5.043559576733969e-05, 5.9723432059399784e-05, 6.904909969307482e-05, 7.822787301847711e-05, 8.706192602403462e-05, 9.534323908155784e-05, 0.00010285680764354765, 0.00010938434570562094, 0.00011470802564872429, 0.00011861473467433825, 0.00012090036761946976, 0.00012137419980717823, 0.0001198633253807202, 0.00011621716112131253, 0.00011031164467567578, 0.00010205333819612861, 9.138322639046237e-05, 7.828010711818933e-05, 6.276354542933404e-05, 4.4896340114064515e-05, 2.478626265656203e-05, 2.5872434434859315e-06, -2.150021100533195e-05, -4.722939047496766e-05, -7.430857658619061e-05, -0.00010240302799502388, -0.0001311378291575238, -0.00016010167018976063, -0.0001888513215817511, -0.0002169170038541779, -0.00024380847753491253, -0.0002690218389034271, -0.0002920469851233065, -0.0003123753413092345, -0.0003295085043646395, -0.0003429666976444423, -0.00035229764762334526, -0.00035708563518710434, -0.0003569600230548531, -0.00035160407423973083, -0.00034076295560225844, -0.0003242514212615788, -0.0003019606228917837, -0.0002738643088378012, -0.0002400238736299798, -0.00020059228700120002, -0.00015581682964693755, -0.00010604052658891305, -5.170208532945253e-05, 6.665648015768966e-06, 6.843875598860905e-05, 0.00013290693459566683, 0.0001992797333514318, 0.0002666942891664803, 0.00033422483829781413, 0.00040089324465952814, 0.00046568119432777166, 0.0005275435978546739, 0.0005854229093529284, 0.0006382642313838005, 0.000685031758621335, 0.0007247249013744295, 0.0007563952240161598, 0.0007791629177518189, 0.0007922336808405817, 0.0007949147839099169, 0.0007866299711167812, 0.0007669338956475258, 0.0007355251000262797, 0.0006922574248164892, 0.0006371493800543249, 0.0005703920614905655, 0.0004923540400341153, 0.00040358485421165824, 0.00030481501016765833, 0.00019695388618856668, 8.108468318823725e-05, -4.1543338738847524e-05, -0.000169525490491651, -0.00030131489620544016, -0.0004352387913968414, -0.0005695167346857488, -0.0007022819481790066, -0.00083160400390625, -0.0009555144933983684, -0.0010720333084464073, -0.0011791966389864683, -0.0012750860769301653, -0.001357858069241047, -0.0014257737202569842, -0.001477228244766593, -0.0015107791405171156, -0.001525174593552947, -0.001519378274679184, -0.0014925943687558174, -0.0014442881802096963, -0.0013742048759013414, -0.0012823842698708177, -0.001169173396192491, -0.0010352326789870858, -0.0008815409382805228, -0.000709393119905144, -0.0005203954642638564, -0.00031645502895116806, -9.976500587072223e-05, 0.00012721522944048047, 0.0003617839247453958, 0.0006010255892761052, 0.0008418436627835035, 0.0010809969389811158, 0.0013151394668966532, 0.0015408636536449194, 0.001754745258949697, 0.0019533911254256964, 0.002133487956598401, 0.0022918516770005226, 0.002425475511699915, 0.0025315810926258564, 0.0026076643262058496, 0.0026515403296798468, 0.0026613865047693253, 0.0026357807219028473, 0.0025737362448126078, 0.0024747313000261784, 0.0023387332912534475, 0.002166216727346182, 0.0019581755623221397, 0.0017161276191473007, 0.00144211295992136, 0.0011386835249140859, 0.0008088866015896201, 0.0004562398244161159, 8.469943713862449e-05, -0.0003013790410477668, -0.0006972869741730392, -0.00109801534563303, -0.0014983132714405656, -0.0018927521305158734, -0.0022757938131690025, -0.0026418643537908792, -0.0029854276217520237, -0.003301064483821392, -0.003583549987524748, -0.0038279315922409296, -0.0040296087972819805, -0.004184403456747532, -0.004288636613637209, -0.004339190665632486, -0.004333573393523693, -0.004269972909241915, -0.00414730329066515, -0.0039652432315051556, -0.0037242684047669172, -0.0034256663639098406, -0.003071549581363797, -0.0026648491621017456, -0.002209305064752698, -0.0017094386275857687, -0.0011705163633450866, -0.00059850252000615, -1.3204150114924747e-17, 0.0006178201292641461, 0.0012472975067794323, 0.001880371361039579, 0.002508678240701556, 0.0031236554495990276, 0.0037166504189372063, 0.004279037471860647, 0.004802333191037178, 0.0052783191204071045, 0.00569915771484375, 0.006057511083781719, 0.006346658803522587, 0.0065606022253632545, 0.006694173440337181, 0.00674312561750412, 0.006704219151288271, 0.006575298961251974, 0.006355350371450186, 0.006044553127139807, 0.005644307937473059, 0.00515725975856185, 0.0045872959308326244, 0.003939528949558735, 0.0032202680595219135, 0.0024369647726416588, 0.0015981477918103337, 0.0007133401231840253, -0.00020704115740954876, -0.0011517988750711083, -0.0021090838126838207, -0.003066535107791424, -0.004011431708931923, -0.0049308533780276775, -0.005811847746372223, -0.006641603074967861, -0.007407625671476126, -0.008097915910184383, -0.008701141923666, -0.009206810966134071, -0.009605432860553265, -0.009888680651783943, -0.01004952471703291, -0.010082371532917023, -0.009983173571527004, -0.00974953267723322, -0.009380766190588474, -0.008877977728843689, -0.008244081400334835, -0.007483815308660269, -0.0066037303768098354, -0.0056121512316167355, -0.004519112408161163, -0.003336273366585374, -0.0020768053364008665, -0.0007552576716989279, 0.0006125989020802081, 0.0020099494140595198, 0.0034191308077424765, 0.004821843467652798, 0.006199377588927746, 0.007532852236181498, 0.00880346167832613, 0.00999272521585226, 0.011082745157182217, 0.012056455947458744, 0.012897878885269165, 0.013592354021966457, 0.014126778580248356, 0.014489819295704365, 0.01467210240662098, 0.014666401781141758, 0.014467785134911537, 0.014073733240365982, 0.013484245166182518, 0.012701905332505703, 0.011731908656656742, 0.01058206520974636, 0.009262765757739544, 0.007786908652633429, 0.0061697945930063725, 0.004428989253938198, 0.0025841486640274525, 0.0006568124517798424, -0.0013298304984346032, -0.003351205261424184, -0.005381640046834946, -0.007394676096737385, -0.009363396093249321, -0.01126076653599739, -0.013059993274509907, -0.014734878204762936, -0.0162601787596941, -0.017611965537071228, -0.01876797340810299, -0.01970793306827545, -0.02041388489305973, -0.02087048813700676, -0.02106526866555214, -0.02098887786269188, -0.020635277032852173, -0.020001906901597977, -0.019089818000793457, -0.017903737723827362, -0.016452107578516006, -0.014747061766684055, -0.012804370373487473, -0.010643322952091694, -0.008286561816930771, -0.0057598743587732315, -0.003091936931014061, -0.00031401170417666435, 0.0025403944309800863, 0.0054359096102416515, 0.008335712365806103, 0.01120197493582964, 0.013996328227221966, 0.016680346801877022, 0.019216056913137436, 0.02156643569469452, 0.02369590476155281, 0.025570856407284737, 0.027160122990608215, 0.028435440734028816, 0.02937190793454647, 0.02994837425649166, 0.030147835612297058, 0.0299577284604311, 0.02937024086713791, 0.028382515534758568, 0.02699682116508484, 0.025220651179552078, 0.023066768422722816, 0.02055317535996437, 0.017703009769320488, 0.014544396661221981, 0.011110198684036732, 0.007437725551426411, 0.003568369662389159, -0.00045282268547452986, -0.004577629268169403, -0.008755194023251534, -0.01293260045349598, -0.017055507749319077, -0.02106880210340023, -0.024917280301451683, -0.02854635939002037, -0.03190277889370918, -0.03493534028530121, -0.037595584988594055, -0.039838504046201706, -0.04162321612238884, -0.04291357100009918, -0.04367874562740326, -0.043893810361623764, -0.04354016110301018, -0.04260595887899399, -0.04108646884560585, -0.038984302431344986, -0.03630957752466202, -0.03308004513382912, -0.029321037232875824, -0.025065375491976738, -0.020353177562355995, -0.015231559984385967, -0.009754239581525326, -0.003981063142418861, 0.002022571861743927, 0.00818636454641819, 0.0144358454272151, 0.020693179219961166, 0.026878023520112038, 0.03290846198797226, 0.03870195522904396, 0.044176336377859116, 0.049250852316617966, 0.05384717509150505, 0.057890430092811584, 0.061310261487960815, 0.06404175609350204, 0.06602645665407181, 0.06721322983503342, 0.06755916774272919, 0.06703028827905655, 0.06560231000185013, 0.06326117366552353, 0.06000359356403351, 